{
  "command": "cllm eval papers/2024.04.22.590194.source.xml -c claims_2.json -o eval_llm.json",
  "model": "claude-sonnet-4-5-20250929",
  "created_at": 1770420597,
  "input_tokens": 112939,
  "cached_tokens": 0,
  "output_tokens": 4627,
  "total_tokens": 117566,
  "input_cost": 0.33881700000000003,
  "cached_cost": 0.0,
  "output_cost": 0.06940500000000001,
  "total_cost": 0.40822200000000003,
  "processing_time_sec": 96.29794096946716
}