{
  "command": "cllm eval ../2018.01.003.md -c claims.json -o eval_llm.json",
  "model": "claude-sonnet-4-5-20250929",
  "created_at": 1775607966,
  "input_tokens": 77952,
  "cached_tokens": 0,
  "output_tokens": 5007,
  "total_tokens": 82959,
  "input_cost": 0.233856,
  "cached_cost": 0.0,
  "output_cost": 0.075105,
  "total_cost": 0.30896100000000004,
  "processing_time_sec": 114.56602311134338
}