{
  "command": "cllm extract ../2018.01.003_segmented.pdf.tei.xml -o claims.json",
  "model": "claude-sonnet-4-5-20250929",
  "created_at": 1775598343,
  "input_tokens": 53355,
  "cached_tokens": 0,
  "output_tokens": 12640,
  "total_tokens": 65995,
  "input_cost": 0.160065,
  "cached_cost": 0.0,
  "output_cost": 0.18960000000000002,
  "total_cost": 0.349665,
  "processing_time_sec": 198.8773171901703
}